{
  "project_info": {
    "project_number": "350949636849",
    "firebase_url": "https://decarbonus-c1037-default-rtdb.firebaseio.com",
    "project_id": "decarbonus-c1037",
    "storage_bucket": "decarbonus-c1037.appspot.com"
  },
  "client": [
    {
      "client_info": {
        "mobilesdk_app_id": "1:350949636849:android:db177b342828a5d89d8750",
        "android_client_info": {
          "package_name": "com.example.dcu_web"
        }
      },
      "oauth_client": [
        {
          "client_id": "350949636849-1c875t5ss49do8t8mebhnv8c66vnbtkf.apps.googleusercontent.com",
          "client_type": 3
        }
      ],
      "api_key": [
        {
          "current_key": "AIzaSyAfiOruCkibU59Dx_Kr0g6D8ZTb8t3I1Pc"
        }
      ],
      "services": {
        "appinvite_service": {
          "other_platform_oauth_client": [
            {
              "client_id": "350949636849-1c875t5ss49do8t8mebhnv8c66vnbtkf.apps.googleusercontent.com",
              "client_type": 3
            },
            {
              "client_id": "350949636849-8oj2bmm482t8109nlorqldems4evl621.apps.googleusercontent.com",
              "client_type": 2,
              "ios_info": {
                "bundle_id": "com.example.decarbonus"
              }
            }
          ]
        }
      }
    },
    {
      "client_info": {
        "mobilesdk_app_id": "1:350949636849:android:ca44a01cde2b42bc9d8750",
        "android_client_info": {
          "package_name": "com.example.decarbonus"
        }
      },
      "oauth_client": [
        {
          "client_id": "350949636849-2h7go1a6pnp4v89hf067impftpmt19d3.apps.googleusercontent.com",
          "client_type": 1,
          "android_info": {
            "package_name": "com.example.decarbonus",
            "certificate_hash": "77c8befdc5b8f9449b3c9a827e6b5efc6e8cf077"
          }
        },
        {
          "client_id": "350949636849-1c875t5ss49do8t8mebhnv8c66vnbtkf.apps.googleusercontent.com",
          "client_type": 3
        }
      ],
      "api_key": [
        {
          "current_key": "AIzaSyAfiOruCkibU59Dx_Kr0g6D8ZTb8t3I1Pc"
        }
      ],
      "services": {
        "appinvite_service": {
          "other_platform_oauth_client": [
            {
              "client_id": "350949636849-1c875t5ss49do8t8mebhnv8c66vnbtkf.apps.googleusercontent.com",
              "client_type": 3
            },
            {
              "client_id": "350949636849-8oj2bmm482t8109nlorqldems4evl621.apps.googleusercontent.com",
              "client_type": 2,
              "ios_info": {
                "bundle_id": "com.example.decarbonus"
              }
            }
          ]
        }
      }
    }
  ],
  "configuration_version": "1"
}